{"cameraMode":{"drawMode":0,"name":"Shaded","section":"Shading Mode"},"sceneLighting":true,"audioPlay":false,"sceneViewState":{"showFog":true,"showMaterialUpdate":false,"showSkybox":true,"showFlares":true,"showImageEffects":true,"showParticleSystems":true},"in2DMode":false,"pivot":{"x":-6.322454452514648,"y":-50.564788818359378,"z":-40.150970458984378},"rotation":{"x":0.6734763383865356,"y":0.026807593181729318,"z":-0.024454018101096154,"w":0.7383177280426025},"size":96.70429992675781,"orthographic":false}